classification,total_pnl,avg_pnl,median_pnl,trades,win_rate,avg_fee,avg_size_usd
Extreme Fear,739110.24849,34.53786207897196,0.0,21400,0.370607476635514,1.116291305578827,5349.7318429906545
Extreme Greed,2715171.310673,67.89286133909282,0.0,39992,0.46494298859771954,0.6759018169921485,3112.2515645629123
Fear,3357155.441642,54.2903996254993,0.0,61837,0.42076750165758364,1.495171962969659,7816.109930785776
Greed,2150129.272951,42.74355948851957,0.0,50303,0.38482794266743536,1.254372343183673,5736.884375086974
Neutral,1292920.67555,34.30771839807886,0.0,37686,0.3969909250119408,1.044798288591806,4782.732661465797
